2026-07-07 00:38:01,I wonder how neural networks actually learn from data,Curious,0.05,[],,0.0,,0.0,This is your personalized AI guidance response! You are making great progress—keep up the amazing work!,bert
2026-07-07 00:38:30,"I don't understand what recursion means no matter how many times I read it
I have been stuck on this bug for 5 hours and I want to give up
I wonder how neural networks actually learn from data
I finally understand how gradient descent works and it makes total sense
This lecture is just repeating everything I already know",Confused,0.05,[],,0.0,,0.0,This is your personalized AI guidance response! You are making great progress—keep up the amazing work!,bert
2026-07-07 00:39:38,"I don't understand what recursion means no matter how many times I read it
",Confused,0.05,[],,0.0,,0.0,This is your personalized AI guidance response! You are making great progress—keep up the amazing work!,bert
I don't understand what recursion means no matter how many times I read it,Confused,0.05,This is your personalized AI guidance response! You are making great progress—keep up the amazing work!,bert
I don't understand what recursion means no matter how many times I read it,Confused,0.05,This is your personalized AI guidance response! You are making great progress—keep up the amazing work!,bert
I don't understand what recursion means no matter how many times I read it,Confused,0.05,"It sounds like recursion is feeling tricky right now - and that's completely normal! Recursion is one of those concepts that suddenly clicks after seeing it the right way. Try thinking of it like Russian nesting dolls - each doll contains a smaller version of itself until you reach the tiniest one. In code terms, a function calls itself with a simpler version of the problem until it hits the base case. Try drawing it out step by step for factorial(3) and watch how it unravels. You've got this!",bert
I have been stuck on this bug for 5 hours and I want to give up,Frustrated,0.05,"Five hours on one bug - that's real dedication and it shows how much you care about getting it right. Before you give up, try the rubber duck method - explain your code line by line out loud as if explaining to someone else. Often the act of explaining reveals the issue immediately. Also try adding print statements at every step to trace exactly where things go wrong. Take a 10 minute break first - your brain needs to reset. You are closer to solving it than you think!",bert
I wonder how neural networks actually learn from data,Curious,0.05,"What a fantastic question to be asking! Your curiosity about neural networks is the mark of a true learner. Neural networks learn through a process called backpropagation - imagine the network makes a guess, checks how wrong it was, then adjusts its internal weights slightly in the direction that reduces the error. This happens thousands of times until the network gets really good at the task. If you want to go deeper, look up 3Blue1Brown's neural network series on YouTube - it's the most visual and intuitive explanation available. Your curiosity will take you far!",bert
I finally understand how gradient descent works and it makes total sense,Confident,0.05,"That's a huge milestone - gradient descent is one of the most fundamental concepts in all of machine learning and you've cracked it! Now that you understand it intuitively, challenge yourself to implement it from scratch in pure Python without any libraries. Then try explaining it to a peer - teaching is the ultimate test of understanding. You might also explore variants like Adam, RMSprop, and SGD with momentum to see how they improve on basic gradient descent. Keep riding this confidence wave!",bert
This lecture is just repeating everything I already know,Bored,0.05,"It sounds like you've mastered this material and your brain is hungry for more challenge - that's actually a great sign! Use this time strategically - try solving the hardest extension problems you can find, or explore how this topic connects to cutting-edge research. You could also use this as an opportunity to solidfy your knowledge by writing a quick summary blog post or teaching it to a peer. The real learning happens at the edge of your comfort zone - push beyond what's being covered in class!",bert
I finally understand how gradient descent works and it makes total sense,Confident,0.05,"That's a huge milestone - gradient descent is one of the most fundamental concepts in all of machine learning and you've cracked it! Now that you understand it intuitively, challenge yourself to implement it from scratch in pure Python without any libraries. Then try explaining it to a peer - teaching is the ultimate test of understanding. You might also explore variants like Adam, RMSprop, and SGD with momentum to see how they improve on basic gradient descent. Keep riding this confidence wave!",bert
I finally understand how gradient descent works and it makes total sense,Confident,0.05,"That's a huge milestone - gradient descent is one of the most fundamental concepts in all of machine learning and you've cracked it! Now that you understand it intuitively, challenge yourself to implement it from scratch in pure Python without any libraries. Then try explaining it to a peer - teaching is the ultimate test of understanding. You might also explore variants like Adam, RMSprop, and SGD with momentum to see how they improve on basic gradient descent. Keep riding this confidence wave!",bert
I wonder how neural networks actually learn from data,Curious,0.05,"What a fantastic question to be asking! Your curiosity about neural networks is the mark of a true learner. Neural networks learn through a process called backpropagation - imagine the network makes a guess, checks how wrong it was, then adjusts its internal weights slightly in the direction that reduces the error. This happens thousands of times until the network gets really good at the task. If you want to go deeper, look up 3Blue1Brown's neural network series on YouTube - it's the most visual and intuitive explanation available. Your curiosity will take you far!",bert
"I wonder how neural networks actually learn from data
",Curious,0.05,"What a fantastic question to be asking! Your curiosity about neural networks is the mark of a true learner. Neural networks learn through a process called backpropagation - imagine the network makes a guess, checks how wrong it was, then adjusts its internal weights slightly in the direction that reduces the error. This happens thousands of times until the network gets really good at the task. If you want to go deeper, look up 3Blue1Brown's neural network series on YouTube - it's the most visual and intuitive explanation available. Your curiosity will take you far!",bert
"I don't understand what recursion means no matter how many times I read it

",Confused,0.05,"It sounds like recursion is feeling tricky right now - and that's completely normal! Recursion is one of those concepts that suddenly clicks after seeing it the right way. Try thinking of it like Russian nesting dolls - each doll contains a smaller version of itself until you reach the tiniest one. In code terms, a function calls itself with a simpler version of the problem until it hits the base case. Try drawing it out step by step for factorial(3) and watch how it unravels. You've got this!",bert
"I don't understand what recursion means no matter how many times I read it

",Confused,0.05,"It sounds like recursion is feeling tricky right now - and that's completely normal! Recursion is one of those concepts that suddenly clicks after seeing it the right way. Try thinking of it like Russian nesting dolls - each doll contains a smaller version of itself until you reach the tiniest one. In code terms, a function calls itself with a simpler version of the problem until it hits the base case. Try drawing it out step by step for factorial(3) and watch how it unravels. You've got this!",bert
"I don't understand what recursion means no matter how many times I read it

",Confused,0.05,"It sounds like recursion is feeling tricky right now - and that's completely normal! Recursion is one of those concepts that suddenly clicks after seeing it the right way. Try thinking of it like Russian nesting dolls - each doll contains a smaller version of itself until you reach the tiniest one. In code terms, a function calls itself with a simpler version of the problem until it hits the base case. Try drawing it out step by step for factorial(3) and watch how it unravels. You've got this!",bert
"I have been stuck on this bug for 5 hours and I want to give up
",Frustrated,0.05,"Five hours on one bug - that's real dedication and it shows how much you care about getting it right. Before you give up, try the rubber duck method - explain your code line by line out loud as if explaining to someone else. Often the act of explaining reveals the issue immediately. Also try adding print statements at every step to trace exactly where things go wrong. Take a 10 minute break first - your brain needs to reset. You are closer to solving it than you think!",bert
This lecture is just repeating everything I already know,Bored,0.05,"It sounds like you've mastered this material and your brain is hungry for more challenge - that's actually a great sign! Use this time strategically - try solving the hardest extension problems you can find, or explore how this topic connects to cutting-edge research. You could also use this as an opportunity to solidfy your knowledge by writing a quick summary blog post or teaching it to a peer. The real learning happens at the edge of your comfort zone - push beyond what's being covered in class!",bert
